File, Lines of Code
/s_home/lc443/Desktop/assignment-1-lovedzx/src/net/sf/freecol/tools/MapConverter.java,86
/s_home/lc443/Desktop/assignment-1-lovedzx/src/net/sf/freecol/tools/FSGConverter.java,212
/s_home/lc443/Desktop/assignment-1-lovedzx/src/net/sf/freecol/tools/DesktopEntry.java,131
/s_home/lc443/Desktop/assignment-1-lovedzx/src/net/sf/freecol/tools/ForestMaker.java,332
/s_home/lc443/Desktop/assignment-1-lovedzx/src/net/sf/freecol/tools/SaveGameValidator.java,85
/s_home/lc443/Desktop/assignment-1-lovedzx/src/net/sf/freecol/tools/InstallerTranslations.java,248
/s_home/lc443/Desktop/assignment-1-lovedzx/src/net/sf/freecol/tools/GenerateDocumentation.java,251
/s_home/lc443/Desktop/assignment-1-lovedzx/src/net/sf/freecol/tools/RiverMaker.java,182
/s_home/lc443/Desktop/assignment-1-lovedzx/src/net/sf/freecol/tools/TranslationReport.java,280
/s_home/lc443/Desktop/assignment-1-lovedzx/src/net/sf/freecol/tools/ColonizationSaveGameReader.java,234
/s_home/lc443/Desktop/assignment-1-lovedzx/src/net/sf/freecol/tools/package-info.java,6
/s_home/lc443/Desktop/assignment-1-lovedzx/src/net/sf/freecol/tools/FlagTest.java,262
/s_home/lc443/Desktop/assignment-1-lovedzx/src/net/sf/freecol/tools/ColonizationMapReader.java,189
/s_home/lc443/Desktop/assignment-1-lovedzx/src/net/sf/freecol/tools/MergeTranslations.java,134
